id,created_at,text
1107674341607653379,2019-03-18 16:05:17,"b""@michael_demeo_ Michael, we're happy to have you.  Welcome aboard, and thanks so much for the shout-out!"""
1107672913929490432,2019-03-18 15:59:36,b'https://t.co/QCMnh2HeqO #diagnostics #orthoclinicaldx'
1106552666803429376,2019-03-15 13:48:09,b'https://t.co/8iot012Y7M'
1106544276589154305,2019-03-15 13:14:48,b'RT @HospitalHub: Ortho Clinical Diagnostics\xe2\x80\x99 VITROS\xc2\xae XT MicroSlide receives CE Mark @OrthoClinicalDX https://t.co/apLqPS4fUp https://t.co/h\xe2\x80\xa6'
1106182671514910721,2019-03-14 13:17:55,"b'Today\xe2\x80\x99s #WorldKidneyDay, and we\xe2\x80\x99re proud to offer solutions to lab pros,  including MicroTip Partnership Assays tha\xe2\x80\xa6 https://t.co/8A7pPkdqFL'"
1106118138096222208,2019-03-14 09:01:29,b'RT @360DxNews: A test from @OrthoClinicalDX that allows labs to run two commonly ordered tests simultaneously has received CE marking\n\nhttp\xe2\x80\xa6'
1105819127200075777,2019-03-13 13:13:19,"b""Ortho's VITROS\xc2\xae XT MicroSlide Receives CE Mark, Is Submitted to FDA: First Multi-Test Capability Added to Proprieta\xe2\x80\xa6 https://t.co/hLKrWNFqLy"""
1103720646343839746,2019-03-07 18:14:42,b'Are you ready for #EUROMEDLAB? https://t.co/9ASMOstdkE'
1102590901862453249,2019-03-04 15:25:30,"b'RT @elhospital: #LaboratorioCl\xc3\xadnico La Cl\xc3\xadnica El Rosario, en Medell\xc3\xadn, #Colombia, incorporar\xc3\xa1 la nueva tecnolog\xc3\xada de qu\xc3\xadmica digital Vitro\xe2\x80\xa6'"
1100802276929822721,2019-02-27 16:58:09,"b'Today we celebrate our wonderful long-time employee Emma Milligan.  Emma, why do choose to stay with Ortho? https://t.co/4zvCAQiNma'"
1100399392517951489,2019-02-26 14:17:14,b'What does our @TheStevieAwards win mean to our Ortho Care team? https://t.co/3bROVOoLV5'
1100079817712488448,2019-02-25 17:07:21,b'Ortho Wins Stevie\xc2\xae Award for Customer Service and Support\nhttps://t.co/Uryh36MOa6 https://t.co/fYopY0Tm80'
1099165476503072768,2019-02-23 04:34:05,b'Admit One: Good luck to the Ortho Care team tonight!  #GlobalStevieAwards #LasVegas #bloodbanks #clinicallabs https://t.co/FEuOg2vtPa'
1099159973823688705,2019-02-23 04:12:13,"b""It's a big night for the hardest-working customer service and support team we know.  Crossing our fingers.\xe2\x80\xa6 https://t.co/b2mHDSI5zW"""
1098947841630896129,2019-02-22 14:09:17,b'The neXT Tour is off to an awesome start in California. Up neXT: We\xe2\x80\x99re bringing our latest innovations to the front\xe2\x80\xa6 https://t.co/Uv48ctRkOW'
1097859446611431425,2019-02-19 14:04:23,b'https://t.co/QMLvp9NlL2'
1096106339959558145,2019-02-14 17:58:10,b'https://t.co/yhXG3Lj6OR'
1096047732442181633,2019-02-14 14:05:17,b'https://t.co/JNoHaitEyR'
1095707505089425408,2019-02-13 15:33:21,"b'RT @medtechengine: Jay Snyder, Vice President, Clinical Laboratory Platforms Business Field, Ortho Clinical Diagnostics talks about the com\xe2\x80\xa6'"
1094969738252468224,2019-02-11 14:41:43,"b'The solar panels at our global HQ in Raritan, NJ are dreaming of #spring. Want to learn more about Ortho\xe2\x80\x99s\xe2\x80\xa6 https://t.co/7deZTPZFEp'"
1094968846220513281,2019-02-11 14:38:11,b'RT @GI_Joe_K_4_CLMA: @CLMAorg @Pathologists Big thanks to Ortho Clinical Diagnostics @OrthoClinicalDX for this critical fact about the impa\xe2\x80\xa6'
1093908742771564550,2019-02-08 16:25:42,b'https://t.co/GPmD8vix3P'
1092801485014999041,2019-02-05 15:05:51,"b'We had a great day sharing our ESG learnings with @OneCarlyle portfolio companies!  Thanks, everyone, for making th\xe2\x80\xa6 https://t.co/gD2UrIZPIh'"
1090624103571025920,2019-01-30 14:53:43,"b'Ortho Clinical Diagnostics Hits the Road with Interactive, Cross-Country Tour of XT Mobile Experience Center.\nRead\xe2\x80\xa6 https://t.co/Ba9KZHrWVo'"
1090436086982004738,2019-01-30 02:26:37,b'LAATSTE KANS \xe2\x80\x93 Kom op 5 februari naar Brussel en neem deel aan ons event om onze NIEUWE VITROS\xc2\xae XT Analysers te ont\xe2\x80\xa6 https://t.co/YA1TxJYEiV'
1090436086105464832,2019-01-30 02:26:36,b'Derni\xc3\xa8re chance de nous rejoindre \xc3\xa0 Bruxelles le 5 f\xc3\xa9vrier pour d\xc3\xa9couvrir nos NOUVEAUX syst\xc3\xa8mes VITROS\xc2\xae XT. Pour vo\xe2\x80\xa6 https://t.co/biLZUmX5L2'
1090436084159279104,2019-01-30 02:26:36,"b'LAST CHANCE TO JOIN US in Brussels on Feb. 5 to discover our NEW VITROS\xc2\xae XT Platforms. To register, please contact\xe2\x80\xa6 https://t.co/HbeWcR6kZt'"
1090004144910450688,2019-01-28 21:50:14,b'Robert Yates Named Next Chairman and CEO of Ortho Clinical Diagnostics\n\nNews Release: https://t.co/2S5xxiNGNQ https://t.co/2gqMpGtnvK'
1088836292765470721,2019-01-25 16:29:36,b'Join us in Brussels on Feb. 5 to discover our NEW VITROS\xc2\xae XT Platforms. Our new solution is able to perform two sep\xe2\x80\xa6 https://t.co/LtILKcVBcd'
1088835862136348672,2019-01-25 16:27:53,b'Rejoignez-nous \xc3\xa0 Bruxelles le 5 f\xc3\xa9vrier pour d\xc3\xa9couvrir nos NOUVEAUX syst\xc3\xa8mes VITROS\xc2\xae XT. Effectuez deux tests de la\xe2\x80\xa6 https://t.co/ZlmBoXq4ER'
1088835629344002048,2019-01-25 16:26:58,b'Kom op 5 februari naar ons event in Brussel om onze NIEUWE NEW VITROS\xc2\xae XT Analysers.  Onze nieuwe oplossing maakt h\xe2\x80\xa6 https://t.co/b3CZ1KHZdd'
1087689839376424960,2019-01-22 12:34:00,"b'Lab professionals are gathering in Chennai, India, to learn how Ortho\xe2\x80\x99s VITROS\xc2\xae XT 7600 Integrated System brings po\xe2\x80\xa6 https://t.co/rMWvz5OyO3'"
1086370583493963782,2019-01-18 21:11:45,b'Coming soon .... https://t.co/9WS3ev5Zre'
1086287435972136961,2019-01-18 15:41:21,"b'""Ortho Clinical Diagnostics Revolutionizes Lab Tech.""  Read the article in PM360: https://t.co/SpGgvOa1Hy'"
1085657655601901569,2019-01-16 21:58:50,b'Check out our #10YearChallenge on our official instagram: https://t.co/8uefORCBWK'
1085190912836161547,2019-01-15 15:04:10,"b'Today, we celebrate Juan Botzotz, our country director in Chile.  Juan, why have you stayed with Ortho for 22 years? https://t.co/E8Xd4TrYWn'"
1083717007760154624,2019-01-11 13:27:23,b'Happy Lab Fact Friday! https://t.co/iWVSOzePmG'
1082692124049592320,2019-01-08 17:34:52,"b'New year, same resolution of helping others through blood donations. Thanks to all colleagues at our global sites f\xe2\x80\xa6 https://t.co/NgbOPAcuDz'"
1082360096422715392,2019-01-07 19:35:30,b'RT @EdisonAwards: VITROS\xc2\xae XT 7600 Integrated System by Ortho Clinical Diagnostics is helping hospitals increase blood test volume without n\xe2\x80\xa6'
1082289594488553472,2019-01-07 14:55:21,"b'RT @Stratus_health: January is thyroid Awareness Month. A month dedicated to talking about thyroid disease \xe2\x80\x93 the conditions and symptoms, i\xe2\x80\xa6'"
1080865039723175937,2019-01-03 16:34:41,"b'RT @SOMOSCare: Nearly 27 million adults in the United States have a thyroid-related condition, yet many do not know much about this small g\xe2\x80\xa6'"
1080459193939881986,2019-01-02 13:42:00,"b""Supporting and promoting health is in our blood, which is why we're so proud to have received a Gold Workplace Heal\xe2\x80\xa6 https://t.co/CjbUcub7WC"""
1080152725562843136,2019-01-01 17:24:12,"b""RT @MMMnews: How @OrthoClinicalDX's CEO Dr. Martin Madaus turned the company around. $JNJ #pharma https://t.co/dcHEFSBuLZ https://t.co/Cz2V\xe2\x80\xa6"""
1076501422298980353,2018-12-22 15:35:14,b'Sincerest wishes for a peaceful holiday season and a happy new year. https://t.co/jeUz2wDyzp'
1076139073847390208,2018-12-21 15:35:23,b'Ortho Transfusion Medicine Workshop\xec\x97\x90 \xec\xb4\x88\xeb\x8c\x80\xed\x95\xa9\xeb\x8b\x88\xeb\x8b\xa4. We\xe2\x80\x99re talking transfusion medicine with experts in the field at a speci\xe2\x80\xa6 https://t.co/t6odsl5TiS'
1075061407086010369,2018-12-18 16:13:07,"b'RT @CDCDiabetes: \xe2\x80\x9cThe good news is, 90% of the vision loss caused by diabetes can be prevented.\xe2\x80\x9d \xe2\x80\x93 Dr. Jinan Saadine, CDC Diabetes \n\nLearn\xe2\x80\xa6'"
1073345320023703552,2018-12-13 22:34:00,"b'Congrats, Trond, on 30 years with us!  What makes you stay with Ortho? https://t.co/uHDmBQMC4z'"
1072586839003983872,2018-12-11 20:20:04,b'Please spread the word to help find blood donors for 2-year-old Zainab. https://t.co/YD6f15gRjV'
1071114712757223425,2018-12-07 18:50:22,"b'Our latest New Hire Spotlight: Welcome, Stefania! https://t.co/ioWX2yOEy8'"
1070769461878239233,2018-12-06 19:58:28,"b""We're proud of our efforts to promote sustainability in our communities. Here,  Ortho's Keith Wojciechowski, Senior\xe2\x80\xa6 https://t.co/2SBN7DbJES"""
1070006161963798528,2018-12-04 17:25:23,"b'Ortho\xe2\x80\x99s VITROS XT 7600 is featured in Clinical Lab Manager magazine\xe2\x80\x99s latest  product roundup, \xe2\x80\x9cSolutions for the C\xe2\x80\xa6 https://t.co/Rr4vzjeiga'"
1068887031357394946,2018-12-01 15:18:21,"b'On #WorldAIDSDay, @UNAIDS urges you to \xe2\x80\x9cknow your status.\xe2\x80\x9d Ortho\xe2\x80\x99s VITROS\xc2\xae HIV Combo test can detect acute HIV-1 in\xe2\x80\xa6 https://t.co/GEpIu9FM01'"
1068574620771467264,2018-11-30 18:36:57,"b'Approximately 37 million people live with HIV globally, with perhaps a quarter of them unaware, according to\xe2\x80\xa6 https://t.co/679JrU2b8g'"
1068253831232974848,2018-11-29 21:22:15,"b'Joan Martin joins Ortho Clinical Diagnostics as Vice President, EMEA; will lead Ortho\xe2\x80\x99s commercial operations in Eu\xe2\x80\xa6 https://t.co/HDn6po1u3o'"
1067870693956743168,2018-11-28 19:59:48,"b'RT @MDMagazine: ""Early detection of #HIV-1 is critical in getting patients into treatment as soon as possible after infection,"" said Jennif\xe2\x80\xa6'"
1067822284805672960,2018-11-28 16:47:26,b'RT @Medgadget: FDA Approves Expanded Use for Ortho Clinical Diagnostics VITROS\xc2\xae HIV Combo Test https://t.co/WLTlAUBgna'
1067822171186233344,2018-11-28 16:46:59,"b""RT @360DxNews: .@OrthoClinicalDX's #HIV test has received expanded-use approval by the #FDA\nhttps://t.co/6Le41GsBPc"""
1065993607528640512,2018-11-23 15:40:55,b'https://t.co/kW5IeQGeBo'
1065622324613791745,2018-11-22 15:05:35,"b'We send a special thanks today to all the professionals who keep the labs running, even on weekends and holidays. https://t.co/qEbE39pkx2'"
1064560969840418816,2018-11-19 16:48:08,"b'Ortho\xe2\x80\x99s Paul Hackworth recently highlighted the medical value of NephroCheck at ISPOR Europe in Barcelona, Spain. T\xe2\x80\xa6 https://t.co/NUXqBrqugq'"
1062797087098589184,2018-11-14 19:59:06,b'It\xe2\x80\x99s World Diabetes Day. Read this special report sponsored by Ortho to learn more about the role laboratory testin\xe2\x80\xa6 https://t.co/e3tmOvCrgr'
1061646784500400128,2018-11-11 15:48:12,"b'On U.S. Veterans Day, we and Ortho\xe2\x80\x99s U.S.-based Veterans Leadership Council  reflect on the 100th anniversary of th\xe2\x80\xa6 https://t.co/1QtyRxsB5K'"
1060918131088969728,2018-11-09 15:32:48,b'Congratulations to Beth Slavic on 23 years of service at Ortho! https://t.co/yBnlttJNY6'
1060558404937113601,2018-11-08 15:43:22,b'Hoping to leverage technology to drive productivity in your lab? Hear from an Ortho customer who\xe2\x80\x99s done it. Registe\xe2\x80\xa6 https://t.co/1hsL2CThrY'
1060165721282568192,2018-11-07 13:42:59,b'RT @Medgadget: FDA Approves Ortho Clinical Diagnostics VITROS\xc2\xae Immunodiagnostic Products HIV Combo Reagent Pack and Calibrator for use on t\xe2\x80\xa6'
1059913605171146752,2018-11-06 21:01:10,"b'RT @MDMagazine: ""With the availability of the VITROS HIV Combo test on the VITROS 5600 System, laboratories can improve workflow efficienci\xe2\x80\xa6'"
1059913551417131009,2018-11-06 21:00:57,"b'\xe2\x80\xa6and at the Wayne County Job Fair in Newark, N.Y., on Thursday. Bring your resume and be ready to talk. https://t.co/h9IVdsmMz3'"
1059913456315392001,2018-11-06 21:00:34,"b'Looking for a great job at Ortho? We\xe2\x80\x99ll be seeking candidates at Greece Town Hall in Greece, N.Y., on Wednesday\xe2\x80\xa6 https://t.co/NHEhXViqIv'"
1059912976059121664,2018-11-06 20:58:40,"b""RT @360DxNews: An HIV test from @OrthoClinicalDX that it says can detect the infection earlier than with older tests has received #FDA's th\xe2\x80\xa6"""
1059891793016250368,2018-11-06 19:34:29,"b'Na \xc3\xbaltima semana, mostramos os Analisadores Ortho Vision\xc2\xae e ORTHO  Workstation\xe2\x84\xa2 a muitos participantes da HEMO 2018\xe2\x80\xa6 https://t.co/CTviaFrGct'"
1059891591073062912,2018-11-06 19:33:41,"b'Over the weekend, we showcased Ortho Vision\xc2\xae and ORTHO Workstation\xe2\x84\xa2  Analyzers to dozens of attendees at HEMO 2018.\xe2\x80\xa6 https://t.co/7MPtJI6y7P'"
1059825844204392448,2018-11-06 15:12:26,"b""FDA Approves Ortho's VITROS\xc2\xae Immunodiagnostic Products HIV Combo Reagent Pack and Calibrator for Use on the VITROS\xc2\xae\xe2\x80\xa6 https://t.co/OQOfpRMPRf"""
1058417883762515968,2018-11-02 17:57:42,b'Introducing our latest technology for the clinical lab: \nhttps://t.co/VBaAZwYU2l https://t.co/3dgQYzzCDG'
1058085500865732609,2018-11-01 19:56:56,b'RT @DOTmedcom: Big news from Ortho Clinical Diagnostics @OrthoClinicalDX announcing FDA clearance for VITROS XT 7600 Integrated System  htt\xe2\x80\xa6'
1058085348339789824,2018-11-01 19:56:19,b'RT @360DxNews: .@OrthoClinicalDX has received permission from #FDA to market its diagnostic platform which integrates high-throughput clini\xe2\x80\xa6'
1057970474276143104,2018-11-01 12:19:51,"b'Breaking: FDA Clears VITROS\xc2\xae XT 7600 Integrated System from Ortho Clinical Diagnostics, Bringing Innovative New App\xe2\x80\xa6 https://t.co/oe99TlKsCj'"
1057781572022272001,2018-10-31 23:49:14,b'Want to get a look at our new VITROS\xc2\xae XT 7600 Integrated System? We\xe2\x80\x99re launching it in Korea this week at LMCE in S\xe2\x80\xa6 https://t.co/gHMF24TWol'
1057003214392954880,2018-10-29 20:16:19,b'Thank you to all the diagnostics C-suite leaders who spent the weekend with us discussing topics such as the changi\xe2\x80\xa6 https://t.co/E1dlT2XBne'
1055544367753187332,2018-10-25 19:39:22,b'\xe2\x80\x98Assessing value driven by the clinical lab.\xe2\x80\x99  Our Jay Snyder writes on this important topic for Becker\xe2\x80\x99s Hospital\xe2\x80\xa6 https://t.co/PguhOH3oc4'
1055516966486560768,2018-10-25 17:50:30,"b'We\xe2\x80\x99re thrilled to join thousands of forward-thinking creators, makers and leaders from across the globe\xe2\x80\xa6 https://t.co/2qSjACxGau'"
1055147873766129666,2018-10-24 17:23:51,"b'Welcome, Pamela! https://t.co/LFmvuyoqMc'"
1054430420308316162,2018-10-22 17:52:57,b'Interesting take on an evolving topic. https://t.co/viBgbud5d6'
1053343194899828736,2018-10-19 17:52:42,"b'Happy #fall from our global center of excellence for R&amp;D in Rochester, NY. https://t.co/8hQXTNHiwS'"
1053006807025807360,2018-10-18 19:36:01,"b""We're glad to have you join us! https://t.co/zokSvN8d2G"""
1052938343783137281,2018-10-18 15:03:58,b'We\xe2\x80\x99re at LAB 2018 in Norway previewing our forthcoming VITROS\xc2\xae XT 3400 System (in development). And here it is!\xe2\x80\xa6 https://t.co/Igd5tLYTwZ'
1052588996935569408,2018-10-17 15:55:47,"b'Looking for new career opportunities in the #Rochester, New York, area? If so, read on! \nOrtho\xe2\x80\x99s participating in a\xe2\x80\xa6 https://t.co/XzKxXCfBmW'"
1052243277594984448,2018-10-16 17:02:01,"b""It's a great #AABB18 so far.  Have you seen a demo of our middleware solution for blood banks and labs yet?\xe2\x80\xa6 https://t.co/DMUEoeMN4G"""
1051835794418216962,2018-10-15 14:02:50,b'Good morning #AABB18! https://t.co/CzgH2uLmQI'
1051655347654545408,2018-10-15 02:05:48,"b'What\xe2\x80\x99s involved in creating an efficient lab? For one thing, you must manage large amounts of data and devices. Tha\xe2\x80\xa6 https://t.co/82j60chDsQ'"
1051652445280108544,2018-10-15 01:54:16,"b""It's a packed house at our customer symposium tonight. \nWe're at the New England Aquarium discussing cross-industry\xe2\x80\xa6 https://t.co/23XahGF2gB"""
1051557702638424067,2018-10-14 19:37:47,"b""You may not know what you don\xe2\x80\x99t know about middleware! Here, Ortho's Matt Dawson explains why managing data in a bl\xe2\x80\xa6 https://t.co/0BBoAsz4nU"""
1051268344895148032,2018-10-14 00:27:59,"b'Our team at #AABB18 in Boston is primed, ready and excited to show customers why managing data and connectivity is\xe2\x80\xa6 https://t.co/GxgDqNW0Pv'"
1051214114209615872,2018-10-13 20:52:30,"b'It\xe2\x80\x99s almost showtime in Boston! #AABB18 is just about underway. Visit us at booth 1836, where we\xe2\x80\x99ll be talking abou\xe2\x80\xa6 https://t.co/m86MA9v5mc'"
1050743229295935488,2018-10-12 13:41:22,"b'Boston, here we come! Ortho is headed up for the American Association of Blood Banks Annual Meeting to discuss lab\xe2\x80\xa6 https://t.co/0znjDCQ7H3'"
1050399754616807424,2018-10-11 14:56:31,"b'We have officially unveiled Ortho\xe2\x80\x99s VITROS\xc2\xae XT 7600 Integrated System to attendees at the JACLaS EXPO in Kobe City,\xe2\x80\xa6 https://t.co/iJ2WsBMBRE'"
1050095031787368449,2018-10-10 18:45:40,b'What if you could increase throughput without needing ever-larger analyzers in your lab? Visit us at JACLaS EXPO in\xe2\x80\xa6 https://t.co/QrWRF1owMn'
1049687599349161987,2018-10-09 15:46:40,"b'Big Fish, Big Data and Blood Banks: Ortho to Show Middleware Solution, Host Customer Event at New England Aquarium\xe2\x80\xa6 https://t.co/d2YI3GgLC4'"
1048213353498337280,2018-10-05 14:08:32,"b'We\xe2\x80\x99re celebrating long-term employees like Thiam Chye Ho, who has been with Ortho for 30 years.  Congratulations, T\xe2\x80\xa6 https://t.co/lnwrKLp8Ld'"
1047540662462234626,2018-10-03 17:35:30,"b'If you\xe2\x80\x99re attending #AABB in Boston, join us Sunday, Oct. 14, at the New  England Aquarium, for a talk about the im\xe2\x80\xa6 https://t.co/2V7PQA0NNN'"
1047498398587219968,2018-10-03 14:47:34,"b'We\xe2\x80\x99re a co-sponsor at #BBTSBrighton this week, as experts from around the globe gather in Brighton, England, to sha\xe2\x80\xa6 https://t.co/8dAdaWRGet'"
1047467766196912128,2018-10-03 12:45:51,b'Congratulations to the winners of the #NobelPrize in Chemistry! https://t.co/6TlrhzsmUx'
1046082727857065985,2018-09-29 17:02:12,b'It\xe2\x80\x99s #WorldHeartDay. Ortho strives for a heart-healthy global workplace and offers a full line of assays to assess\xe2\x80\xa6 https://t.co/IUSSfI9RD1'
1045692515741970433,2018-09-28 15:11:38,b'Lab Fact Friday! https://t.co/N4JSFBsQrH'
1045296303398367238,2018-09-27 12:57:14,b'RT @bactiman63: Chagas disease: Ortho Clinical Diagnostics launches New VITROS\xc2\xaeAnti-T. cruzi Assay - Outbreak News Today https://t.co/VajeL\xe2\x80\xa6'
1044630185004294146,2018-09-25 16:50:19,"b'Come visit us at booth #25, located in the main hall, to learn more about our complete automation solution and part\xe2\x80\xa6 https://t.co/Cvy0ix7s3L'"
1044630182672252929,2018-09-25 16:50:18,b'Hello Brazil! Ortho will be exhibiting live at the 52nd Brazilian Congress of  Clinical Pathology from September 25\xe2\x80\xa6 https://t.co/iWu7kyUvL5'
1044587845061496832,2018-09-25 14:02:04,b'Ortho Clinical Diagnostics Named One of India\xe2\x80\x99s Top 50 Great Mid-Size Workplaces in 2018\nhttps://t.co/IZj5Gb1hXl https://t.co/IuFLgiJ95Y'
1044339901175554048,2018-09-24 21:36:49,b'Ortho Clinical Diagnostics Launches New VITROS\xc2\xae Anti-T. cruzi Assay  \nDetails: https://t.co/g81xAnOIUa https://t.co/OAB3CnW515'
1044232055943454721,2018-09-24 14:28:17,"b'Last week, at the XVI Congress of AMMTAC in Merida, Ortho\xe2\x80\x99s Mexico team   hosted a successful symposium on two new\xe2\x80\xa6 https://t.co/SWbFdsmtXA'"
1044026950426099712,2018-09-24 00:53:16,"b'Is your lab equipped for tomorrow? Mabuhay! Come and visit booth 26 at the PCQACL Annual Convention in Manila, the\xe2\x80\xa6 https://t.co/bLWe2pTKMT'"
1042777198447362049,2018-09-20 14:07:12,b'Team members had a blast riding to increase awareness of heart health and raise funds to help fight cardiovascular\xe2\x80\xa6 https://t.co/09rd05Nrda'
1042776916074192896,2018-09-20 14:06:05,"b'Spinning our way through the day! Yesterday, Ortho\xe2\x80\x99s African-American Leadership Council hosted #CycleNation \xe2\x80\x93 an\xe2\x80\xa6 https://t.co/IfOAh0kdI0'"
1042528375753981957,2018-09-19 21:38:28,b'We\xe2\x80\x99re thrilled to be on the show floor at the XVI AMMTAC Congress in Merida. Check out booth H from Sept. 19-22 and\xe2\x80\xa6 https://t.co/FOXm5alBT0'
1042113230703714304,2018-09-18 18:08:50,"b'\xc2\xa1Hola M\xc3\xa9xico! We\xe2\x80\x99re getting ready to attend the XVI AMMTAC Congress in Merida (Yucatan, Mexico) from Sept. 19-22. V\xe2\x80\xa6 https://t.co/WcXhzql8Rx'"
1042055081242185728,2018-09-18 14:17:46,"b'Today is National HIV/ #AIDSandAging Awareness Day. Age does not protect  against HIV transmission, and many older\xe2\x80\xa6 https://t.co/v43tAplAnu'"
1040594150423355392,2018-09-14 13:32:33,b'Ortho Clinical Diagnostics Named Trailblazer 2018 Company of the Year by PM360\nhttps://t.co/V60MGkmoWb https://t.co/6sEsezm1Sv'
1040398709547098112,2018-09-14 00:35:56,b'Gold! https://t.co/2DJWa5iD67'
1040383438216343552,2018-09-13 23:35:15,b'The excitement in the room is inspiring! We\xe2\x80\x99re live at @PM360online\xe2\x80\x99s #TrailblazerAwards2018 Gala with dozens of in\xe2\x80\xa6 https://t.co/DviywXjAK9'
1040372894713278464,2018-09-13 22:53:21,"b'The stage is set. We\xe2\x80\x99re thrilled to be at @PM360online\xe2\x80\x99s #TrailblazerAwards2018 Gala tonight, as a finalist for Com\xe2\x80\xa6 https://t.co/wVZ7cgjXsU'"
1040334175440699392,2018-09-13 20:19:30,b'We\xe2\x80\x99re looking forward to attending @PM360online\xe2\x80\x99s #TrailblazerAwards2018 Gala tonight as a finalist for Company of\xe2\x80\xa6 https://t.co/3wS43ainHg'
1040254738976174081,2018-09-13 15:03:51,b'RT @WorldSepsisDay: TODAY is #WorldSepsisDay - a day to spread awareness about #sepsis globally. But what exactly happens in your body shou\xe2\x80\xa6'
1039889304363851776,2018-09-12 14:51:45,b'Ortho Chosen as Top Customer Service Company in India Health Care Sector for 2nd Straight Year\nhttps://t.co/JuZaxYjCbB'
1037726672865255425,2018-09-06 15:38:13,b'Ortho has been recognized by the @American_Heart Association for implementing quality employee health programs and\xe2\x80\xa6 https://t.co/4WaQjUGjFF'
1037525440250822656,2018-09-06 02:18:35,"b'Headed to the 14th National Laboratory Medicine Conference in Dalian, Liaoning province, China? \nStop by booth A118\xe2\x80\xa6 https://t.co/u9pvRWBXQ0'"
1037268345563668480,2018-09-05 09:16:59,"b'Thank you, Sydney, for what\xe2\x80\x99s been a wonderful #AACB. #VITROSXT #digitalchemistry #ICCC https://t.co/thTRGfSyob'"
1037096931166629888,2018-09-04 21:55:51,"b'And here it is: Ortho\xe2\x80\x99s VITROS\xc2\xae XT 7600 Integrated System, unveiled at #AACB. #VITROSXT #digitalchemistry #ICCC https://t.co/dOlfaYoseX'"
1035543709293543425,2018-08-31 15:03:54,"b'G\xe2\x80\x99day, Australia and the Asia-Pacific region. Get ready for our big reveal at #AACB in Sydney. #VITROSXT\xe2\x80\xa6 https://t.co/PDvKzHajo2'"
1034463346261544960,2018-08-28 15:30:55,"b'Ortho celebrates the life of renowned author, scientist and our former employee Marjory Stroup. Marjory was a leadi\xe2\x80\xa6 https://t.co/LcAvnSwt3g'"
1034093424889094144,2018-08-27 15:00:59,b'Ortho\xe2\x80\x99s VITROS\xc2\xae XT 7600 https://t.co/WGlo1ouF2Y'
1033060446683553794,2018-08-24 18:36:18,b'Lab Fact Friday! https://t.co/E9oOKTvr9J'
1031559225359716352,2018-08-20 15:10:59,b'Ortho\xe2\x80\x99s Jay Snyder spoke to @SelectScience during AACC 2018.  Watch the video for a discussion on Ortho\xe2\x80\x99s recently\xe2\x80\xa6 https://t.co/CRY7Cqq7tS'
1029402458278096896,2018-08-14 16:20:46,"b'RT @360DxNews: Along with possible FDA clearance of its CE-marked system, @OrthoClinicalDX is developing an instrument for lower volume lab\xe2\x80\xa6'"
1027951648495132673,2018-08-10 16:15:46,"b'Today, Dr. Philip Levine would be 118 years old. \nTo learn more about  this trailblazer\xe2\x80\x99s achievements for Ortho an\xe2\x80\xa6 https://t.co/iN0M4hLwio'"
1027884177964785664,2018-08-10 11:47:39,b'Lab Fact Friday! https://t.co/F62fYkKscF'
1026933293332291585,2018-08-07 20:49:11,b'RT @CDC_HIVAIDS: Our latest #HIV incidence and prevalence fact sheet spotlights progress and challenges in HIV prevention efforts. Get it h\xe2\x80\xa6'
1025085687102468096,2018-08-02 18:27:27,"b'It\xe2\x80\x99s day three of #AACC2018! As the show winds down, be sure to stop by our booth (612) to see how we\xe2\x80\xa6 https://t.co/AUZpISjatf'"
1024728778835144705,2018-08-01 18:49:14,b'RT @IMVResearch: Congratulations to Ortho Clinical Diagnostics on their 9 ServiceTrak awards presented at AACC #diagnostics https://t.co/lh\xe2\x80\xa6'
1024705499143589899,2018-08-01 17:16:43,"b'Ortho\xe2\x80\x99s Jay Snyder speaks to the press while booth visitors check out our new, CE-Marked VITROS\xc2\xae XT 7600 Integrated\xe2\x80\xa6 https://t.co/8tPkoNYPUX'"
1024690463444488192,2018-08-01 16:16:58,b'We differentiate on service and support.  #AACC2018 #ReimagineAACC https://t.co/q64ht7gklT'
1024671883596312577,2018-08-01 15:03:09,b'Good morning #AACC2018! https://t.co/Qp6lqjDhf9'
1024399636151320577,2018-07-31 21:01:20,"b""Ortho Care's Pat Rigby with our ServiceTrak\xe2\x84\xa2 2018 awards.  # 1 in overall service performance, system performance a\xe2\x80\xa6 https://t.co/4U5Pn901e0"""
1024395893469048832,2018-07-31 20:46:28,b'RT @IMVResearch: Congratulations to the winners of IMV ServiceTrak Award presented this week at \xe2\x81\xa6@_AACC\xe2\x81\xa9  #diagnostics  https://t.co/uX5v57\xe2\x80\xa6'
1024357600652132352,2018-07-31 18:14:18,"b'""... and the awards to prove it!""  Thanks, @jcont91.  We\'re thrilled to have you. #AACC2018 #ReimagineAACC #aacc https://t.co/Bu2IRvpTTd'"
1024345686479798273,2018-07-31 17:26:57,b'Is your lab equipped for tomorrow? #AACC2018 #ReimagineAACC https://t.co/RqtyfmZlgN'
1024331930009882624,2018-07-31 16:32:17,b'Did you know Ortho was just ranked #1 in service in the industry for the third year in a row? \nSales Associate Donn\xe2\x80\xa6 https://t.co/Y1xdRRleRF'
1024315110758801408,2018-07-31 15:25:27,"b'This morning, we proudly unveiled Ortho\xe2\x80\x99s VITROS\xc2\xae XT 7600 Integrated System*, which recently received CE Mark.  Sto\xe2\x80\xa6 https://t.co/Vd9LecvxJT'"
1024292014270046209,2018-07-31 13:53:41,b'Ortho Achieves Distinguished No. 1 Ranking for Service Performance for 3rd Year in a Row\nhttps://t.co/xFy0A1EOMz https://t.co/TmZAMVXZo0'
1023923679493668864,2018-07-30 13:30:03,b'Exciting days ahead at #2018AACC!\nhttps://t.co/oIiZeAp9TR'
1023236507866292224,2018-07-28 15:59:28,b'RT @_AACC: Welcome to the 70th AACC Annual Scientific Meeting &amp; Clinical Lab Expo to our attendees and social media followers. Stay tuned f\xe2\x80\xa6'
1023218657445347329,2018-07-28 14:48:33,"b'What do clinical lab customers want? \xe2\x80\x9cWe\xe2\x80\x99re\xe2\x80\xa6finding that customers  increasingly value service and support, includi\xe2\x80\xa6 https://t.co/XhnbixlyPy'"
1023209691495591936,2018-07-28 14:12:55,"b'At Ortho, we continue our drive to innovate in the area of hepatitis testing. Here is more on a recent addition to\xe2\x80\xa6 https://t.co/53sDM4xiAS'"
1022239425688817664,2018-07-25 21:57:26,b'Read more about Ortho\xe2\x80\x99s VITROS\xc2\xae XT 7600 Integrated System.\nhttps://t.co/Ghxu8PHzvg https://t.co/NZPyhqzu6O'
1021840870163861504,2018-07-24 19:33:42,b'https://t.co/TfpqP4kBju'
1021805273537765379,2018-07-24 17:12:16,b'https://t.co/CZn8XffWjo https://t.co/dTJESolCd1'
1021750060151762944,2018-07-24 13:32:52,"b'VITROS\xc2\xae XT 7600 Integrated System from Ortho Clinical Diagnostics Receives CE Mark, Bringing Innovative New Approac\xe2\x80\xa6 https://t.co/vkJvzq7QC3'"
1020292412596412416,2018-07-20 13:00:41,b'Lab Fact Friday! https://t.co/zrP3vAtLP8'
1019632642851926017,2018-07-18 17:19:00,"b""Here's a #behindthescenes look at a recent photo shoot at our global Center of Excellence for R&amp;D in Rochester, NY,\xe2\x80\xa6 https://t.co/hijGdbjGto"""
1018841167759196160,2018-07-16 12:53:58,"b'Ortho Launches New MicroTip Partnership Assays for Diabetes, Cardiac and  Renal Testing, In Collaboration with Diaz\xe2\x80\xa6 https://t.co/BQ6U7IdZJa'"
1016358958372540416,2018-07-09 16:30:33,"b'Welcome, Victor! https://t.co/ZgSyqh7rq0'"
1015285338904805376,2018-07-06 17:24:22,b'https://t.co/hfIG55eygP'
1013131347613896707,2018-06-30 18:45:10,"b""Happy Doctors Day in India!  We're proud to provide diagnostic insights that help doctors in India, and around the\xe2\x80\xa6 https://t.co/Qsa4DXt1Zw"""
1012786104662142976,2018-06-29 19:53:18,b'Really proud that our VITROS\xc2\xae HIV Combo Test was named a finalist for a #ScientistsChoiceAwards. https://t.co/z0dfFGgytp'
1012668493626368006,2018-06-29 12:05:58,b'https://t.co/1YlGjtL5vs'
1011973444613779456,2018-06-27 14:04:05,b'Today is #HIVTestingDay. Ortho\xe2\x80\x99s VITROS\xc2\xae HIV Combo test gives people the right result earlier than previous generat\xe2\x80\xa6 https://t.co/wiUxxUozkH'
1010224737392517121,2018-06-22 18:15:21,b'Happy Lab Fact Friday! https://t.co/c6uQJJx1Bb'
1010130120550408193,2018-06-22 11:59:22,"b'\xe2\x80\x98Laser-Focused for Success.\xe2\x80\x99 \nOrtho Chairman and CEO Martin Madaus discusses Ortho\xe2\x80\x99s carve-out, growth story with\xe2\x80\xa6 https://t.co/FJLs0w1kjd'"
1009840508380811265,2018-06-21 16:48:33,b'We take #pride in our diverse global workforce and the communities we serve. https://t.co/xkSZkJ6rDe'
1007669125399789568,2018-06-15 17:00:15,b'RT @GrupoINK: #Congreso de la Sociedad Espa\xc3\xb1ola de Transfusi\xc3\xb3n Sangu\xc3\xadnea y Terapia Celular\n#SETS #Valencia #Spain\n#Stand Ortho Clinical Dia\xe2\x80\xa6'
1007669097054629888,2018-06-15 17:00:08,b'RT @LegalWeek: Winner of the Transatlantic Legal Department of the Year is ... @OrthoClinicalDX! #TransatlanticAwards'
1007637359997812736,2018-06-15 14:54:02,"b""It's Lab Fact Friday! https://t.co/IIJJq0dymt"""
1007341777836232704,2018-06-14 19:19:29,b'RT @NJLJ: Congratulations to the 2018 Legal Departments of the Year and GC Impact Award winners!!!\n@OrthoClinicalDX \n@Avis \n@QuestDX \nAnne\xe2\x80\xa6'
1007278692937052160,2018-06-14 15:08:49,"b'Lots of great information at our satellite symposium on AKI today in Vicenza, Italy. Thanks to all who attended. https://t.co/O55qMAV1a4'"
1007242406431821824,2018-06-14 12:44:38,"b'Today, World Blood Donor Day, we join with the @WHO and others to thank volunteer blood donors and to urge you to c\xe2\x80\xa6 https://t.co/uivIbMlJzP'"
1006985412957462528,2018-06-13 19:43:25,b'Shifting the acute kidney injury paradigm from diagnosis to prevention: Our panel will discuss AKI at the 36th Vice\xe2\x80\xa6 https://t.co/7fZV7ejWQz'
1006584206464462848,2018-06-12 17:09:10,b'Ortho\xe2\x80\x99s Michael Schlesinger on the company\xe2\x80\x99s recent corporate carve-out:\nhttps://t.co/AF1ZBwwe29 https://t.co/rwPQCymDS2'
1005183536511545344,2018-06-08 20:23:25,"b'Good luck to all of our Rochester, NY-based employees participating in the #TourdeCure tomorrow!\xe2\x80\xa6 https://t.co/W1UgvKvzMg'"
1005107308278534145,2018-06-08 15:20:30,"b""Hey everyone, it's Lab Fact Friday! https://t.co/WZsNGU0uiW"""
1004701247314714624,2018-06-07 12:26:58,"b'Welcome, Manisha! https://t.co/Jx6L9kgHyZ'"
1004686390276194304,2018-06-07 11:27:56,b'RT @ISBTCO: #THANKYOU to everyone making this #ISBTToronto #congress successful! https://t.co/BlGyjYr1ER'
1002675132182040576,2018-06-01 22:15:54,"b'We\xe2\x80\x99re at @ISBTCO in Toronto the next several days. Stop by our booth. We\xe2\x80\x99ll be  co-hosting a symposium titled, \xe2\x80\x9cRes\xe2\x80\xa6 https://t.co/dkdZ4lJkcb'"
1002568855749709824,2018-06-01 15:13:36,b'\xe2\x80\x98Focusing on IVDs Can Save More Lives and Billions in Costs.\xe2\x80\x99  \nOrtho\xe2\x80\x99s Dr. Fernando Chaves writes about how in vit\xe2\x80\xa6 https://t.co/w4yOWyokfQ'
1002264341536788481,2018-05-31 19:03:34,"b'Focusing on IVDs can save more lives and billions in costs.\nRead today\xe2\x80\x99s @MedCityNews article, authored by Ortho\xe2\x80\x99s\xe2\x80\xa6 https://t.co/RnAIK8OF1l'"
1001865294808207361,2018-05-30 16:37:54,"b'Attending the @ISBTCO International Congress event in Toronto this weekend or next week? \nStop by our booth, where\xe2\x80\xa6 https://t.co/gxj1RsuVCN'"
1000083043573317633,2018-05-25 18:35:52,b'https://t.co/4wNR5TaHah'
997917032443142149,2018-05-19 19:08:55,"b'On Hepatitis Testing Day, learn more about the latest developments related to hepatitis C by watching a free video\xe2\x80\xa6 https://t.co/6Rc3tS0nwJ'"
997861123532599297,2018-05-19 15:26:45,"b'Today is Hepatitis Testing Day, and May is Hepatitis Awareness Month. \nAt Ortho, we continue our relentless drive t\xe2\x80\xa6 https://t.co/6LLh1cyUD4'"
997844240678830080,2018-05-19 14:19:40,"b'Today, on Hepatitis Testing Day, check if you are at risk of viral hepatitis by taking the U.S. CDC @cdchep Hepatit\xe2\x80\xa6 https://t.co/ZmR3kekhxC'"
997477963326107648,2018-05-18 14:04:13,"b'RT @CDC_HIVAIDS: Today on #HVAD, we recognize the many individuals working to find a safe and effective vaccine to prevent #HIV. https://t.\xe2\x80\xa6'"
996841598674616321,2018-05-16 19:55:32,b'RT @360DxNews: Essential Diagnostics List released by @WHO. The list comprises 113 tests for diagnosing the most common conditions and dise\xe2\x80\xa6'
996391207914754049,2018-05-15 14:05:50,"b""We're collaborating with Sentinel Diagnostics to provide a wide-range C-Reactive Protein assay, the CRP Ultra (MP)\xe2\x80\xa6 https://t.co/kSQz1YIhNm"""
996035623168299010,2018-05-14 14:32:52,b'A big welcome to one of our newest colleagues! https://t.co/4GG5KAKQ0u'
994932224767094784,2018-05-11 13:28:21,b'RT @ExpHealthcare: .@OrthoClinicalDX India recognised as @GPTW_India https://t.co/RsWXot1BRw #healthcare #healthnews #healthiness #HealthyL\xe2\x80\xa6'
994610341718863872,2018-05-10 16:09:19,b'RT @CatholicFamCntr: Thank you @Paychex @Kodak @AlarisWorld @UofR @envative @center4youth @OrthoClinicalDX  https://t.co/AvOIWlAfWN'
994578727970340864,2018-05-10 14:03:41,"b'""We help customers keep pace with increasing test volumes without sacrificing accuracy or precision,"" said Ortho\'s\xe2\x80\xa6 https://t.co/CoBWdQldEU'"
994260991297900545,2018-05-09 17:01:07,b'We\xe2\x80\x99re gearing up for this week\xe2\x80\x99s Congreso Iberoamericano de Bancos de Sangre y Medicina Transfusional in Barranquil\xe2\x80\xa6 https://t.co/3SPKi7phSF'
993856620361744386,2018-05-08 14:14:17,"b'The summit brings together industry attendees from eight countries, and speakers from six, across the Asia-Pacific\xe2\x80\xa6 https://t.co/112iZC8X6i'"
993847409854660609,2018-05-08 13:37:41,"b'We\xe2\x80\x99re in Seoul this week to host the Ortho Lab Leader Scientific Summit, with  support from the College of American\xe2\x80\xa6 https://t.co/u4QmJIfWga'"
993504341637054464,2018-05-07 14:54:28,b'Ortho\xe2\x80\x99s growth story:  our Chairman and CEO Martin Madaus speaks to @SCMP_News about our global growth and momentum\xe2\x80\xa6 https://t.co/N1m23RQaP0'
992745502671192064,2018-05-05 12:39:06,"b'Headed to SAFMLS? Contact your dedicated Government Account Team for private, in-booth education and instrument dem\xe2\x80\xa6 https://t.co/b6rsWycrdC'"
992408734080032769,2018-05-04 14:20:54,"b'We\xe2\x80\x99re headed to Long Beach, Calif., for SAFMLS to see friends from the military and government. Hope to see you the\xe2\x80\xa6 https://t.co/e7Ji5yB1QK'"
992096912969879552,2018-05-03 17:41:50,"b'RT @PharmaVOICE: To #HBA Luminary Heidi Casaletto of Ortho Clinical Diagnostics, leadership takes passion. \xe2\x80\x9cI have strong belief in doing s\xe2\x80\xa6'"
991744170992824321,2018-05-02 18:20:10,"b'RT @cdchep: May is #Hepatitis Awareness Month! Be #HepAware and find out if you\xe2\x80\x99re at risk for #HepA, #HepB or #HepC https://t.co/7Lz3kTSKy\xe2\x80\xa6'"
991408629449412609,2018-05-01 20:06:51,b'We welcome and support the new ERAS\xc2\xae Cardiac Surgery recommendation to use NEPHROCHECK biomarkers TIMP-2 x IGFP-7 t\xe2\x80\xa6 https://t.co/Cu4KyijwPU'
991051565749428225,2018-04-30 20:28:00,"b'Learn how we\xe2\x80\x99re working to change the paradigm in acute kidney injury with our VITROS\xc2\xae NEPHROCHECK\xc2\xae Test, recently\xe2\x80\xa6 https://t.co/5rJqjxp12f'"
989858118346698752,2018-04-27 13:25:40,b'#LabWeek\nhttps://t.co/OMiTgJQgyD https://t.co/Md4fgFVbu7'
989494384856064000,2018-04-26 13:20:19,b'#LabWeek https://t.co/F3NIMVcv6M'
989190110380879872,2018-04-25 17:11:15,b'#LabWeek https://t.co/8Cz0mb8DXt'
989138009952997376,2018-04-25 13:44:13,b'#LabWeek https://t.co/1njT45T3Gi'
988756069043224579,2018-04-24 12:26:31,b'#LabWeek https://t.co/u03ITFZSQy'
988388799628521473,2018-04-23 12:07:07,b'#LabWeek https://t.co/CzSnSF7AiL'
988065315505324033,2018-04-22 14:41:43,"b'Happy Earth Day from our global headquarters in Raritan, N.J.\n#EarthDay https://t.co/MAGhIxnTfO'"
987010411315671040,2018-04-19 16:49:54,b'Everything we do at Ortho supports our purpose: to improve and save lives with diagnostics. \nWe do that by Reimagin\xe2\x80\xa6 https://t.co/GweHMtH6KI'
984455073949302784,2018-04-12 15:35:54,b'News Desk:  Edison Awards Recognize Ortho Clinical Diagnostics\xe2\x80\x99 VITROS\xc2\xae NEPHROCHECK\xc2\xae Test for Best New Product  \nhttps://t.co/cCUVGMzURz'
984256514385850368,2018-04-12 02:26:54,"b'Our gold-level win at the @EdisonAwards recognizes VITROS\xc2\xae  NEPHROCHECK\xc2\xae, the first fully automated risk assessment\xe2\x80\xa6 https://t.co/0t7N53vC8i'"
984248582445268992,2018-04-12 01:55:23,"b'Ortho has just won an @EdisonAwards for innovation for the second straight year, this time gold level for our VITRO\xe2\x80\xa6 https://t.co/WYMQAfLLFB'"
984056179331514368,2018-04-11 13:10:50,"b'Congrats to Heidi Casaletto, our VP of Transfusion Medicine, named an @HBAnet 2018 Luminary. \nHeidi was recognized\xe2\x80\xa6 https://t.co/DXjisaoMKC'"
983770445546598400,2018-04-10 18:15:26,"b""Yes, we're looking forward to tomorrow night @EdisonAwards! #EA18 https://t.co/0SeJEy6N6L"""
983366493067816961,2018-04-09 15:30:16,"b'More on our MicroTip Partnership Assays program, via @AsiaBioSpectrum:  https://t.co/YXB4Lg44yu'"
982268996907974656,2018-04-06 14:49:13,b'Read more about our distribution and co-promotion agreement with @ThermoFisher here: https://t.co/U3yGcxPsCY \xe2\x80\xa6\xe2\x80\xa6 https://t.co/mj7imM04t2'
981976178771636225,2018-04-05 19:25:39,b'RT @360DxNews: Drug monitoring is the focus of a distribution deal announced between @OrthoClinicalDX and @thermofisher \nhttps://t.co/Dhb1U\xe2\x80\xa6'
981896546101886976,2018-04-05 14:09:14,b'Ortho Clinical Diagnostics and Thermo Fisher Scientific Agree to Deliver 14 Assays for Use on Ortho\xe2\x80\x99s VITROS\xc2\xae Syste\xe2\x80\xa6 https://t.co/flr8nS97E6'
981524410308878336,2018-04-04 13:30:29,"b'One of our newest colleagues shares what attracted him to Ortho. \nWelcome to the team, Saajan! https://t.co/BhEqnpobAc'"
980892634196529152,2018-04-02 19:40:02,"b'RT @_AACC: After a patient\xe2\x80\x99s unusual, gelled blood sample raises red flags, a lab expert and the patient\xe2\x80\x99s doctor discover that a rare canc\xe2\x80\xa6'"
979073265757859840,2018-03-28 19:10:31,b'@MedTechAssoc Thanks @MedTechAssoc!'
978690156566798337,2018-03-27 17:48:11,"b'On American #DiabetesAlertDay, learn more about the latest addition to Ortho\xe2\x80\x99s full menu of diabetes assays:\xe2\x80\xa6 https://t.co/Qs4J0VhCbF'"
978689759873679361,2018-03-27 17:46:36,b'RT @AmDiabetesAssn: It\xe2\x80\x99s #DiabetesAlertDay. Take a stand for good health. Share our #Type2Diabetes Risk Test w/ your friends &amp; family: http\xe2\x80\xa6'
978651601618419712,2018-03-27 15:14:58,b'Ortho has been recognized with a global @LeFonti_Group LEFONTI AWARD\xc2\xae for Excellence in Innovation in the diagnosti\xe2\x80\xa6 https://t.co/4YEn09IXKl'
978346451678896128,2018-03-26 19:02:25,b'RT @360DxNews: Middleware from @OrthoClinicalDX gains #FDA clearance\n\nhttps://t.co/vT5SYvbRbw'
978279194130984960,2018-03-26 14:35:10,b'FDA 510(k) Clears ORTHO CONNECT\xe2\x84\xa2 Middleware Solution\nhttps://t.co/XKyzfGSc3T https://t.co/XR2JNuZ7O6'
978269570229092353,2018-03-26 13:56:55,b'Major congratulations to our customer @StLukesHealth for being named 2018 Lab of the Year by @MedicalLabMLO \nhttps://t.co/pr5uazNJpg'
976935582084427776,2018-03-22 21:36:08,"b'RT @AmDiabetesAssn: On #DiabetesAlertDay (3/27), encourage employees to learn their risk for #type2diabetes. Download our FREE toolkit: htt\xe2\x80\xa6'"
976804764435431424,2018-03-22 12:56:18,"b'On #WorldWaterDay, Ortho is proud to note our VITROS\xc2\xae diagnostics systems  generate minimal waste and require no wa\xe2\x80\xa6 https://t.co/p5kjrzeDtU'"
976145224928919552,2018-03-20 17:15:32,"b'Not to be outdone, an Ortho colleague took this shot near our office in Santiago, Chile, where fall starts today.\xe2\x80\xa6 https://t.co/P3fYhRLSfv'"
976107493351858176,2018-03-20 14:45:36,"b'Snapshot of the changing seasons at our global headquarters in Raritan, NJ.  #equinox #spring https://t.co/NHjpvm2weQ'"
975679296265076736,2018-03-19 10:24:06,b'RT @MMMnews: @OrthoClinicalDX CEO leads massive turnaround resulting in annual revenue of $1.7 billion. #CEO #pharma #diagnostic #carlylegr\xe2\x80\xa6'
974651572465565696,2018-03-16 14:20:17,"b'Looking forward to an exciting weekend ahead, as we prepare to join 100+ lab and medical professionals at our 2nd a\xe2\x80\xa6 https://t.co/V2CKzDCsm2'"
973918715086606338,2018-03-14 13:48:10,b'RT @nkf: A great way to #HeartYourKidneys is to drink water! https://t.co/9vhipDwgYP'
973252033401667584,2018-03-12 17:39:01,"b'This Kidney Month, know the facts about acute kidney injury.\n#NationalKidneyMonth https://t.co/Z8YGCbloRi'"
973221936523223040,2018-03-12 15:39:25,b'We have again broadened our menu of available tests and assays:\nhttps://t.co/NHnOrWnkPq https://t.co/VjjRUO1Qvs'
972162864063500289,2018-03-09 17:31:03,"b'\xe2\x80\x9cIn my conversations with lab managers, what keeps most up at night is the challenge in hiring, training, and retai\xe2\x80\xa6 https://t.co/FNlCNPIx0p'"
971811286446047232,2018-03-08 18:14:00,"b""Thanks @MedTechAssoc. Adding C-peptide to Ortho's VITROS\xc2\xae menu is a function of our continued commitment to innovat\xe2\x80\xa6 https://t.co/HgwaOPYLbH"""
971775333904007169,2018-03-08 15:51:08,"b""RT @nkf: It's #WorldKidneyDay! #HeartYourKidneys https://t.co/EzgmHxMnCD"""
971462793810534400,2018-03-07 19:09:13,"b""'Ortho CEO Leads Massive Turnaround\xe2\x80\x99: Martin Madaus Speaks to @MMMnews - https://t.co/X0c858xrak https://t.co/9x5RTsnpZ5"""
971438118065790976,2018-03-07 17:31:10,"b""Check out the latest issue of @MedicalLabMLO, where Ortho's Jay Snyder wrote about how automation can alleviate som\xe2\x80\xa6 https://t.co/LmlwkLysA5"""
969606662892830721,2018-03-02 16:13:37,b'Kicking off #NationalKidneyMonth with some vital facts about acute kidney injury #AKI @nkf https://t.co/WVX1LFjDZB'
968879464192073728,2018-02-28 16:03:59,"b'RT @American_Heart: What is atrial fibrillation, and what can be done about it? Learn more:\nhttps://t.co/eBml0ydZZd https://t.co/7wlDIu1ayH'"
967059102365925376,2018-02-23 15:30:31,b'An Ortho #FBF in honor of #HeartMonth: \nKathy Vaccaro and Beatriz Lopez-Galvis accepting Ortho\xe2\x80\x99s recognition from\xe2\x80\xa6 https://t.co/TBsgzvGTqe'
966005043181883393,2018-02-20 17:42:04,b'https://t.co/UZtkUAHTqa'
963831282516967424,2018-02-14 17:44:19,"b""Today, #LabTechnicians are on our mind. Happy Valentine's. https://t.co/32W6LKeMZl"""
963759502976692225,2018-02-14 12:59:05,"b""Happy Valentine's Day! https://t.co/F9RWs2T46x"""
962104209200967682,2018-02-09 23:21:33,"b'RT @American_Heart: New year, same statistics. Heart disease and stroke are still the No. 1 and No. 5 causes of death in America. Help figh\xe2\x80\xa6'"
961623987120832512,2018-02-08 15:33:19,"b'RT @huw4ogmore: Ortho Clinical Diagnostics (Ortho)\xe2\x80\x99s #Pencoed plant expanding to meet demand, creating more local jobs. Thriving in #Ogmore\xe2\x80\xa6'"
961312329836081152,2018-02-07 18:54:54,"b'Today, February 7, is #NBHAAD https://t.co/ACg8NPlrqR'"
961255205688897536,2018-02-07 15:07:54,b'RT @huw4ogmore: Great visit to @OrthoClinicalDX  in #Pencoed with @fmwales. Successful company in #Ogmore expanding to create more jobs wit\xe2\x80\xa6'
960890029382905856,2018-02-06 14:56:50,b'Come on by! #MEDLAB2018 https://t.co/ryVt20IVE6'
960637345916768256,2018-02-05 22:12:45,"b""It's an exciting time in diagnostics, and we're looking forward to an educational @MedlabSeries in Dubai, starting\xe2\x80\xa6 https://t.co/4VxvoQ8uIF"""
960582195697127425,2018-02-05 18:33:36,b'RT @fmwales: Really interesting tour around @OrthoClinicalDX in Bridgend. Great to hear their exciting expansion plans following @WelshGove\xe2\x80\xa6'
960105842384211968,2018-02-04 11:00:45,b'Today is #WorldCancerDay! Join the global movement to show that #WeCanICan take action to prevent &amp; fight #cancer.\xe2\x80\xa6 https://t.co/bdORzfprF9'
959457937549742082,2018-02-02 16:06:12,b'#WearRedDay https://t.co/mjQzG6X93N'
959121158867210240,2018-02-01 17:47:58,"b'RT @HealthyCuse: Friday, February 2 is Wear Red Day, a date chosen by the American Heart Association to come together and promote heart hea\xe2\x80\xa6'"
958778937844224000,2018-01-31 19:08:06,"b'RT @American_Heart: More than 100 million Americans have high blood pressure, says new statistics report from @American_Heart . #AHANews\nht\xe2\x80\xa6'"
958011513284915200,2018-01-29 16:18:38,"b'RT @American_Heart: National Wear Red Day\xc2\xae is just 4 days away! Rain or shine, show off your commitment to fighting heart disease and strok\xe2\x80\xa6'"
956985612254437377,2018-01-26 20:22:04,"b'At Ortho, we differentiate on excellence in customer service and support.  \nHere, the lab director @CHRISTUSTMF exp\xe2\x80\xa6 https://t.co/BntFFaXJuT'"
956969936483598336,2018-01-26 19:19:47,b'#MedLab Power https://t.co/Y7BlNQw4Qf'
956553711811149825,2018-01-25 15:45:51,"b""At today's #MTF2018 panel discussion, Ortho experts join others for a roundtable on industry matters https://t.co/V8gTncFuqP"""
955871386995757057,2018-01-23 18:34:32,"b'January is #ThyroidAwarenessMonth, and here are new guidelines on thyroid disease and pregnancy from the\xe2\x80\xa6 https://t.co/ZmZOTcmheS'"
955846797905113088,2018-01-23 16:56:50,b'New 2018 guidelines from @AmDiabetesAssn on continuous glucose monitoring (CGM) - https://t.co/61Hym4mzRb'
955536678999023616,2018-01-22 20:24:31,b'January is #ThyroidAwarenessMonth - get informed. https://t.co/CJMhHqAtzI'
955498312391647232,2018-01-22 17:52:04,b'Great story demonstrating the power of labs and #medlab technicians https://t.co/9eVoeZaLpQ'
954060538123755520,2018-01-18 18:38:52,"b'RT @American_Heart: ""The earlier and more diligently the blood pressure is managed, the less damage we cause to our arteries through time.""\xe2\x80\xa6'"
953672030049550336,2018-01-17 16:55:04,"b'Yes, do!\n#MTF2018 https://t.co/9ZfOScGWjY'"
953333331151802368,2018-01-16 18:29:12,b'RT @fightthyroidism: https://t.co/QRHknGbMkP'
951479843060817921,2018-01-11 15:44:06,b'Lab rule changes are being actively discussed by industry groups and regulators https://t.co/3ggLBrYPNv'
948170789018390528,2018-01-02 12:35:06,b'RT @HeartNews: Getting started \xe2\x80\x93 tips for long-term exercise success. https://t.co/VB24oj3g9V https://t.co/XTb1Al8NWc'
944173109426262016,2017-12-22 11:49:45,b'https://t.co/XidE2yntA2'
943477942797058049,2017-12-20 13:47:25,b'Ortho recognized by @EconomicTimes as one of the Best Asian Healthcare Brands 2017\nDetails: https://t.co/kz2SoiWBMj https://t.co/pmcXeuZCqf'
943128521395851266,2017-12-19 14:38:56,"b'Ortho launches a new and novel method for the measurement of Alanine Aminotransferase (ALT), a key liver function e\xe2\x80\xa6 https://t.co/MNiPWuVfgM'"
942860907264196608,2017-12-18 20:55:32,b'#diagnostics \nhttps://t.co/GKWjzbHfSe'
942758062074425344,2017-12-18 14:06:52,"b""Ortho's VITROS\xc2\xae HIV Combo test has received FDA approval. \n\xe2\x80\x9cWith the launch of the VITROS HIV Combo test, laborator\xe2\x80\xa6 https://t.co/eCIR3CMIqL"""
940266031154470912,2017-12-11 17:04:25,"b'RT @sdbloodbank: With road closures and evacuations in North County, many scheduled blood donations are being cancelled, and we anticipate\xe2\x80\xa6'"
940259199422009344,2017-12-11 16:37:16,b'RT @American_Heart: 63% of people who have high blood pressure at age 30 have a higher risk of heart disease or stroke. Learn how to reduce\xe2\x80\xa6'
939187012090847232,2017-12-08 17:36:47,b'RT @EuroBiotechNews: Ortho Clinical Diagnostics expands his portfolio with @sphingotec\xe2\x80\x99s first-in-class #biomarker test that predicts resid\xe2\x80\xa6'
938823737213730816,2017-12-07 17:33:16,b'#diagnostics https://t.co/FxFR249V5Q'
938794065843380230,2017-12-07 15:35:21,"b'Ortho, Sphingotec Announce Strategic Agreement on Heart Failure Recovery Biomarker \nhttps://t.co/EmSbOp5juQ https://t.co/iYIlZEIX4S'"
938109709671792640,2017-12-05 18:15:58,"b'How to manage a large, corporate carve-out: \nOrtho\xe2\x80\x99s Dr. Martin Madaus on checking your ego, building social capita\xe2\x80\xa6 https://t.co/lISV76yXua'"
936616868449632256,2017-12-01 15:23:57,b'Ortho is proud to support early and accurate diagnosis of HIV infection. https://t.co/eBMFPQ4txn \n#WorldAIDSDay https://t.co/P8ybuAL2lS'
936003935789244417,2017-11-29 22:48:23,b'RT @Laird_Admiral: Great Ortho user meeting today #HarveysGang presented update and was able to thank the Ortho team for their kind support\xe2\x80\xa6'
935901593936871424,2017-11-29 16:01:42,"b""Ortho recruiters Amee Shah and Lisa Filaferro join @OneCarlyle's Frank Finelli at this year's Veterans Initiative S\xe2\x80\xa6 https://t.co/qnQXeybSls"""
935533389209145344,2017-11-28 15:38:36,b'Ortho\xe2\x80\x99s VITROS\xc2\xae NEPHROCHECK\xe2\x84\xa2 Wins International Award for Outstanding Innovation \nhttps://t.co/IatLVnc4Vg'
935511076623577088,2017-11-28 14:09:56,b'Hiring veterans.  Supporting communities.  Growing companies.  The Veterans Initiative Summit is about to begin! https://t.co/3N9bleJhPl'
932962671825002496,2017-11-21 13:23:29,"b'Ortho Chairman and CEO Dr. Martin Madaus speaks to @HuffPost about why he recommends running \xe2\x80\x9cThe Beast,\xe2\x80\x9d how to bu\xe2\x80\xa6 https://t.co/rTwSku5j0u'"
932632464832397312,2017-11-20 15:31:21,"b'The future of optics in the Finger Lakes area: Ray Jakubowicz, Innovation Fellow at Ortho Clinical Diagnostics, spe\xe2\x80\xa6 https://t.co/RkIb1KMvfF'"
930547438175342592,2017-11-14 21:26:12,"b'RT @American_Heart: More than 103M Americans now have high blood pressure under our new guidelines, but most will only get a prescription f\xe2\x80\xa6'"
930546868815384576,2017-11-14 21:23:56,"b'RT @ASNKidney: Low sodium-DASH diet combination dramatically lowers blood pressure in hypertensive adults, study indicates https://t.co/kmB\xe2\x80\xa6'"
928367644289454080,2017-11-08 21:04:29,b'RT @Qualityworld: Are you ready for World Quality Day tomorrow? Share your plans with us https://t.co/9iI4tFPmRS\n\n@qualityworld #WQD17 #Eve\xe2\x80\xa6'
926087064373944321,2017-11-02 14:02:16,"b'RT @ASNKidney: During her President\'s Address at #KidneyWk, @EleanorLederer shares her personal list of the ""Top 10 Hits in #Nephrology"" si\xe2\x80\xa6'"
925031142725693440,2017-10-30 16:06:25,"b'Wellness programs, vaccinations, webinars and more: we have been recognized by @American_Heart for our culture of h\xe2\x80\xa6 https://t.co/t5CaDxMcww'"
923867830239424513,2017-10-27 11:03:50,"b'Excited for the STAT Laboratory Summit in China, where clinical lab and immunohematology pros will gather this week\xe2\x80\xa6 https://t.co/onWnCmWXdQ'"
923227086772244481,2017-10-25 16:37:44,b'RT @360DxNews: Ortho Clinical gets Chinese regulatory approval for immunohematology platforms @OrthoClinicalDX https://t.co/ICHc2QL2sP'
923206766556409861,2017-10-25 15:17:00,b'\xe2\x80\x9cORTHO VISION will help us continue to meet the rapidly evolving needs of our customers.\xe2\x80\x9d\nhttps://t.co/y1FgDOjt0z https://t.co/e2XqP7B5da'
923205375813287936,2017-10-25 15:11:28,b'China Food and Drug Administration Approves ORTHO VISION\xe2\x84\xa2 Platform for Transfusion Medicine Labs  \nhttps://t.co/y1FgDOjt0z'
922846897500327937,2017-10-24 15:27:00,"b'\xe2\x80\x9cOrtho is committed to delivering a broad menu of assays to our customers in the clinical lab""\n#diagnostics \nhttps://t.co/8kCvYHGwbD'"
920651283840647168,2017-10-18 14:02:25,b'#IIPW https://t.co/yb0UvoeZsY'
920338028417073152,2017-10-17 17:17:39,b'Ortho\xe2\x80\x99s Tony Casina recently guest-blogged for @AABB on mgmt of hemolytic disease of the fetus and newborn.  \nMore:\nhttps://t.co/tXpoYueHhG'
918855571591143425,2017-10-13 15:06:54,b'RT @EKFdiagnostics: @OrthoClinicalDX customers to be able to access to EKF Diagnostics BHB assay thanks to partnership between companies ht\xe2\x80\xa6'
918185555757633536,2017-10-11 18:44:30,b'#diagnostics https://t.co/WG8pBAW9qG'
918159783915483136,2017-10-11 17:02:05,b'News:  \nDiabetic Ketoacidosis Assay Collaboration Between Ortho and @EKFdiagnostics \n https://t.co/f9kwwAxsdd \xe2\x80\xa6'
917790178390966272,2017-10-10 16:33:24,"b""The excitement is palpable at this year's #AABB2017. https://t.co/AKYE8Ctn5u"""
917425465228488705,2017-10-09 16:24:10,"b'Thank you, Army Col. Audra Taylor, Army Blood Program director, for sharing your insights with our blood bank custo\xe2\x80\xa6 https://t.co/hZ4hkafNpy'"
917422564858908672,2017-10-09 16:12:39,"b'RT @MilitaryBlood: Army Col. Audra Taylor, Army Blood Program director, speaks at @OrthoClinicalDX customer event on @USSMidwayMuseum at #A\xe2\x80\xa6'"
917405947588497413,2017-10-09 15:06:37,"b""Happening now: Ortho's industry workshop on titrations in perinatal clinical situations at #AABB2017 in San Diego. https://t.co/yWWD76IdMl"""
916309747715809285,2017-10-06 14:30:42,"b'RT @MilitaryBlood: ASBP\xe2\x80\x99s COL Taylor, LTC Corley discuss military readiness &amp; lessons learned from #LTOWB implementation at @OrthoClinicalD\xe2\x80\xa6'"
915613748727091201,2017-10-04 16:25:03,b'#RockMFGDay https://t.co/k9GzfbvhD2'
914926566806835201,2017-10-02 18:54:26,b'We are looking forward to #AABB2017!  https://t.co/ptHCe9XT1p'
913775599717539840,2017-09-29 14:40:54,"b'Today, Ortho joins with @worldheartfed and @WHO to recognize #WorldHeartDay 2017. https://t.co/U5CvjmeFIY'"
913436148881432581,2017-09-28 16:12:03,b'Ortho Sera enables labs to increase standardization by allowing much testing to be done on one system-via @CLPmag - https://t.co/RkgsUR0tu6'
912324221363089408,2017-09-25 14:33:39,"b'New NephroCheck\xc2\xae Test Outcomes Data Show Significant Reduction in Kidney Injury, Hospital Stay https://t.co/lsfiuPPk1A\n#IVD #AKI'"
910561591761846272,2017-09-20 17:49:35,b'Ortho Receives Prestigious \xe2\x80\x98Services Excellence\xe2\x80\x99 Award in India\nhttps://t.co/3Dg0tQ7zDW'
909834496366723072,2017-09-18 17:40:22,"b""It\xe2\x80\x99s Nat'l HIV/AIDS and Aging Awareness Day #NHAAAD\nRead about Ortho\xe2\x80\x99s diagnostic test, the VITROS\xc2\xae HIV Combo assay https://t.co/eBMFPQ4txn"""
909784137661243392,2017-09-18 14:20:16,"b""It's National HIV/AIDS and Aging Awareness Day #NHAAAD\nGet facts from @CDC_HIVAIDS about HIV and those 50+ here:\xe2\x80\xa6 https://t.co/wRkZfbEnOn"""
908701791813959681,2017-09-15 14:39:24,b'RT @360DxNews: New #hepatitisB tests from @OrthoClinicalDX get FDA approvals\nhttps://t.co/KFPShKY7Vl'
908325245181984769,2017-09-14 13:43:08,b'FDA Approves Our Two Specialty Hepatitis B Assays: https://t.co/K2d7PSTXiy https://t.co/pTOorm0LEZ'
908012250920656896,2017-09-13 16:59:25,b'It\xe2\x80\x99s #WorldSepsisDay. Read about how Ortho is getting involved in the fight against sepsis. https://t.co/3DGhKFDOaB https://t.co/2avxRn6ITF'
905574840987299840,2017-09-06 23:34:01,"b'Ortho is spotlighting NephroCheck, a risk assessment tool for predicting acute kidney injury, at the ANZSN ASM in A\xe2\x80\xa6 https://t.co/21opOHGCv7'"
905527602512834560,2017-09-06 20:26:18,b'RT @OneCarlyle: Happy #NationalReadABookDay! Last weekend Co-Founder &amp; Co-CEO David Rubenstein interviewed author J.D. Vance @ the #nationa\xe2\x80\xa6'
902186407334051840,2017-08-28 15:09:35,b'FDA Licenses ORTHO\xe2\x84\xa2 Sera blood grouping reagents for pre-transfusion blood testing for atypical antibodies\n\nhttps://t.co/NF5hxAhLKe'
900792304411303936,2017-08-24 18:49:55,b'#Diagnostics news:  The view from Washington https://t.co/2UF9WXdw8C'
898236624559001600,2017-08-17 17:34:34,b'Interesting #diagnostics development in Europe. https://t.co/qCMWXQVEDz'
895646960836689921,2017-08-10 14:04:10,"b'How to manage a large, complex corporate carve-out: Our CEO Dr. Martin Madaus shares on @CNBC\xe2\x80\x99s @SquawkCNBC.\xe2\x80\xa6 https://t.co/nJadCqlrH7'"
895627441934184448,2017-08-10 12:46:36,b'Our CEO Dr. Martin Madaus discusses the state of diagnostics on CNBC\xe2\x80\x99s Squawk Box this morning.  Stay tuned for the\xe2\x80\xa6 https://t.co/wgWCAjkdeL'
893506376042983428,2017-08-04 16:18:15,"b'RT @360DxNews: Collaboration to develop a sepsis test @OrthoClinicalDX, @thermofisher https://t.co/LdvTg1qdnO'"
893246107714596864,2017-08-03 23:04:02,"b'#2017AACC is over, but the lab science education continues throughout the year.  Farewell San Diego! Thanks to\xe2\x80\xa6 https://t.co/Qi9l9Q7Z6j'"
893203657423847424,2017-08-03 20:15:21,b'It has been a great few days. #2017AACC https://t.co/Gw2wNjNwsU'
892807686923837440,2017-08-02 18:01:54,b'#2017AACC https://t.co/pmvKWogqL3'
892782370134282245,2017-08-02 16:21:18,"b""60% of the top US Children's Hospitals use VITROS. \nCome by our booth at #2017AACC and ask us why.\n#AACC https://t.co/KlbslfugSj"""
892764961172094976,2017-08-02 15:12:08,b'Lab professionals learn about our Edison Award-winning ORTHO VISION(R) platform at #2017AACC #AACC https://t.co/drWGuqjP4b'
892725049819504640,2017-08-02 12:33:32,"b""Good morning #2017AACC. There's still plenty to see and learn today. Here, Ortho's Carol Wardach demonstrates the I\xe2\x80\xa6 https://t.co/YXYxOe8yQr"""
892492148477710338,2017-08-01 21:08:04,"b'A rich legacy in product innovation, and a chance at #2017AACC to see products in development. \n#innovation\n#AACC https://t.co/XUewK6pPCI'"
892461967180476419,2017-08-01 19:08:08,"b""Excitement builds at Ortho's booth at #2017AACC conference.\n#AACC https://t.co/1Cvvh9kKGi"""
892457847438671872,2017-08-01 18:51:46,b'Always an important thing to remember for all of us in the diagnostics space.\n#AACC #2017AACC https://t.co/wbEDkNQyeg'
892452520626442241,2017-08-01 18:30:36,b'Thanks @EngwallDavid'
892449509258792960,2017-08-01 18:18:38,b'Ortho associate David Engwall proudly displays our #1 in Service pin at #AACC event in San Diego #2017AACC https://t.co/bKn7hFE21C'
892439171113000960,2017-08-01 17:37:33,b'RT @EngwallDavid: #bestaaccmoment https://t.co/erV5kK4PMu'
892415049276416001,2017-08-01 16:01:42,b'#AACC2017 #AACC https://t.co/aKMefRNk6a'
892408884748443648,2017-08-01 15:37:12,b'We have R&amp;D results to share here at the @_AACC event in San Diego #2017AACC #AACC Come by and discuss with the aut\xe2\x80\xa6 https://t.co/XOVvr1jFFT'
892034886709649408,2017-07-31 14:51:04,"b""We're excited for all of the day's #AACC learnings, news, and events to come! https://t.co/Qg9xctTjZ5"""
891990425807998982,2017-07-31 11:54:24,b'Announcing a Global Agreement to Make B\xc2\xb7R\xc2\xb7A\xc2\xb7H\xc2\xb7M\xc2\xb7S PCT Assay Available to Ortho Customers #AACC2017 #AACC \nDetails:\xe2\x80\xa6 https://t.co/KrzXctTkPS'
890926210326200321,2017-07-28 13:25:35,"b'Viral hepatitis is one of the leading causes of death globally, accounting for 1.34 million deaths per year.\xe2\x80\xa6 https://t.co/w2nNycY6rj'"
890595218113810432,2017-07-27 15:30:21,b'Ortho Clinical Diagnostics Awarded Distinguished #1 Ranking for Service Performance for 2nd Year in a Row\nhttps://t.co/BHtrWUfH4I'
890239097289097217,2017-07-26 15:55:15,"b'Ortho to Present 10 Scientific Posters, Seven Products @_AACC \n#2017AACC \nhttps://t.co/LCSR3sxuYo'"
889563512036610048,2017-07-24 19:10:43,"b""We've received the CE Mark for Ortho\xe2\x80\x99s VITROS\xc2\xae Insulin Reagent &amp; Calibrators.\nhttps://t.co/wvGiknuA97"""
887693792190582784,2017-07-19 15:21:07,"b'RT @WHO: Dr Tedros: We have to implement #AntimicrobialResistance plans aggressively, with a sense of urgency https://t.co/DaEGke0jWp https\xe2\x80\xa6'"
880408565520908288,2017-06-29 12:52:13,b'RT @OneCarlyle: Carlyle\xe2\x80\x99s 2017 Citizenship Report illustrates commitment to #ESG solutions w/in our firm &amp; our investment strategies https:\xe2\x80\xa6'
879780242927124480,2017-06-27 19:15:30,"b""It's #HIVTestingDay, a reminder to get tested. \nOur VITROS\xc2\xae HIV Combo assay is designed to detect HIV earlier https://t.co/hJn6z0WVdE"""
879709559702654977,2017-06-27 14:34:37,"b'Today is National #HIVTestingDay, and Ortho joins with the @CDC_HIVAIDS to urge you to get tested and be aware. https://t.co/3NN8vqyUJW'"
879358704914661380,2017-06-26 15:20:27,b'Ortho\xe2\x80\x99s VITROS\xc2\xae Immunodiagnostic Products Insulin Reagent and Calibrators have received 510(k) clearance from FDA -\nhttps://t.co/aVAzIzyKuR'
875069376277368832,2017-06-14 19:16:11,"b'How much do you know about blood donation? Take the @WHO quiz today, World Blood Donor Day https://t.co/mBcclCG5C8'"
874996252974481408,2017-06-14 14:25:38,"b'112.5mn units of blood are donated per year.  But, in a crisis situation, it\xe2\x80\x99s often not enough. Give Blood. Give Now. Give Often.  #WBDD'"
874963986403528705,2017-06-14 12:17:25,"b'Blood donations can save lives, and Ortho is proud to be a part of that. What can you do? Give Blood. Give Now. Giv\xe2\x80\xa6 https://t.co/cvut3Va3dJ'"
874345778977832960,2017-06-12 19:20:52,b'https://t.co/wadqEx0DpB'
874228657329516545,2017-06-12 11:35:28,b'RT @Informa_MedDev: Examine new classifications &amp; definitions of #medicaldevices in #SouthAfrica with @OrthoClinicalDX - https://t.co/SGKmr\xe2\x80\xa6'
872500468680929280,2017-06-07 17:08:16,b'The VITROS NephroCheck\xc2\xae test enables doctors to assess if patients are at risk for AKI before kidney damage occurs\nhttps://t.co/MhCf9N39SG'
872146831710486529,2017-06-06 17:43:03,"b""Ortho's VITROS\xc2\xae NephroCheck\xc2\xae test is first automated risk assessment tool for predicting Acute Kidney Injury (AKI). https://t.co/N0tPHlTgnB"""
871811601053167616,2017-06-05 19:30:57,b'Later this month...\n#MedTech https://t.co/8uKivN2KtE'
868116014197866497,2017-05-26 14:46:01,"b'If you can order a ride across town with a swipe and tap, why must you wait for lab results? #innovation #medtech\nhttps://t.co/cxkOH9xTpr'"
867422257529757698,2017-05-24 16:49:16,b'RT @WHO: World Health Assembly #WHA70 elects Dr Tedros Adhanom Ghebreyesus as new WHO Director-General https://t.co/t3k96luAYK'
865598004060766210,2017-05-19 16:00:20,b'Be #HepAware! Help #EliminateHepatitis by finding out if you should be tested or vaccinated for viral hepatitis https://t.co/vt4hdPYezo'
864946357219414016,2017-05-17 20:50:56,"b""On Friday, we're supporting the @CDChep #HepAware effort! Add your voice to the @ThunderclapIt movement here - https://t.co/GDPmPFTzyQ"""
864945617625169920,2017-05-17 20:47:59,b'RT @MedTechAssoc: Getting set up for our Member MeetUp at @OrthoClinicalDX! Hope to see some of you here! #MedTechEvent https://t.co/GFWOGd\xe2\x80\xa6'
864529815436742656,2017-05-16 17:15:44,"b'It\xe2\x80\x99s not a sprint, it\xe2\x80\x99s a decathlon. Ortho Chairman and CEO Martin Madaus on innovation and in vitro diagnostics:\xe2\x80\xa6 https://t.co/3Tlva5U3Yp'"
862335643027951617,2017-05-10 15:56:53,"b""Congrats to Ortho's Jennifer Paine on being named to the @BeckersHR 2017 list of Women in Medtech to Know!\xe2\x80\xa6 https://t.co/WP6r4G5Hn6"""
861592548162379776,2017-05-08 14:44:05,b'Happy National #HospitalWeek! May 7-13'
857985949904646147,2017-04-28 15:52:45,"b""We're proud to recognize medical laboratory professionals. #labweek #LabWeek2017 https://t.co/pMckzsbz9C"""
857662249518866432,2017-04-27 18:26:29,b'#LabWeek #LabWeek2017 https://t.co/w7zSK8kdZh'
857280645667602432,2017-04-26 17:10:08,b'#LabWeek #LabWeek2017 https://t.co/3d84eCevOl'
856959550829842432,2017-04-25 19:54:13,"b'We all benefit from the rigorous training, care and wisdom lab professionals use on the job every day.  Thank you.\xe2\x80\xa6 https://t.co/iRzBHvQe14'"
856515551916589058,2017-04-24 14:29:55,b'Our Edison-Award-winning ORTHO VISION(R) platform in action! \nOne way we enable Med Lab pros to succeed #LabWeek \nhttps://t.co/pg7CytAJg0'
855440730071945216,2017-04-21 15:18:58,"b""@MedTechAssoc Thank you!  It's an honor to be recognized for our commitment to helping med techs do their vital work."""
855429420835897344,2017-04-21 14:34:01,b'Learn more about the innovation that helped Ortho win at the 2017 @EdisonAwards for the ORTHO VISION\xc2\xae Platform -\xe2\x80\xa6 https://t.co/lGGjalAWXt'
855249736638529537,2017-04-21 02:40:01,"b'We are pleased to share that Ortho has been awarded an Edison Award\xe2\x84\xa2 for Global Product Innovation, for the ORTHO V\xe2\x80\xa6 https://t.co/YKb0lSG78U'"
852703583111979008,2017-04-14 02:02:31,b'Our Global Center of Excellence for R&amp;D featured in Rochester Business Journal exclusive: https://t.co/W1hDuDxDlf'
851532708966785031,2017-04-10 20:29:53,"b'Great conference at #MEDLABAsia last week. Lots of excitement on the future of clinical lab medicine, including sev\xe2\x80\xa6 https://t.co/3VKQARyWFZ'"
850363710363377665,2017-04-07 15:04:42,"b""Ortho's new website in France gives customers access to better info.  F\xc3\xa9licitations to our French colleagues! https://t.co/GcJIYwyvwo"""
849315454841737218,2017-04-04 17:39:18,"b'Ortho is presenting at multiple @MedlabSeries sessions during #MedlabAsia on AKI, automation, and transfusion med. \nhttps://t.co/1VQ79wCV7H'"
846431816512884736,2017-03-27 18:40:45,"b""RT @nkf: Today's kidney health fact of the day! #HeartYourKidneys #NationalKidneyMonth https://t.co/krcuk3dVd3"""
841393346136399872,2017-03-13 20:59:40,"b'Ortho expanded an agreement with Astute Medical for distr. of the NephroCheck Test, which aids in risk assessment f\xe2\x80\xa6 https://t.co/CFg5qdn58L'"
840185931026059264,2017-03-10 13:01:50,b'RT @Laird_Admiral: Thank you for helping us continue  #Harveysgang tours @HandelsbankenUK @Labcold @WerfenIT @Monkeywellbeing @OrthoClinica\xe2\x80\xa6'
839857055041191936,2017-03-09 15:15:00,"b'In recognition of #WorldKidneyDay, learn about kidney health via this graphic from @nkf https://t.co/a0g1p1pNlj'"
839566821246308362,2017-03-08 20:01:43,"b'March is National Kidney Month, with tomorrow designated as #WorldKidneyDay \nYour kidneys filter waste out of 200 l\xe2\x80\xa6 https://t.co/5k25u12idQ'"
839520635961413632,2017-03-08 16:58:11,"b'RT @NIH_ORWH: For #InternationalWomensDay, see how this NIH working group is helping #WomenInScience advance their careers. https://t.co/Ao\xe2\x80\xa6'"
837669281299116032,2017-03-03 14:21:34,b'RT @kidneycanada: March is #KidneyHealthMonth! Keep your kidneys healthy. They are vital to your overall health. https://t.co/i10tcatDJg ht\xe2\x80\xa6'
837396010607456256,2017-03-02 20:15:41,b'Important news item for diagnostic lab operators to follow. https://t.co/RZjwIztvA8'
835380477490003968,2017-02-25 06:46:41,b'Just In: Ortho Honored at Stevie Awards for Customer Service and Support https://t.co/UDSJDzuOt6'
834863942195412992,2017-02-23 20:34:09,b'Ortho Submits VITROS\xc2\xae Immunodiagnostic Products HIV Combo Assay to FDA for Review: https://t.co/xQ5y8vzeDP https://t.co/KbBPV7MKtO'
834467088412581888,2017-02-22 18:17:12,b'Interesting initiative that may appeal to busy lab pros: https://t.co/SjLD8mzCf0'
834128966608908288,2017-02-21 19:53:37,b'Heart Health Month is a good time to know the numbers that indicate heart health.  Do you know yours? https://t.co/a2QthR2A9V'
831603844299763712,2017-02-14 20:39:41,b'Just announced: Ortho named a finalist in the Edison Awards for innovation.  Read more: https://t.co/EKu9s88YLe https://t.co/HxnIFuIH3Y'
831599820024463360,2017-02-14 20:23:42,b'@EdisonAwards Thrilled to have our work acknowledged in this way.'
831509657927692288,2017-02-14 14:25:25,b'Lab techs play a critical role in diagnosing heart disease risks.  Hug yours today! https://t.co/JPcznTp2py'
829790046538563586,2017-02-09 20:32:18,b'RT @dmt_conference: Thank you @OrthoClinicalDX @OrthoCDX for being part of #DMT2017 and improving patient care with us! #diagnostics #patho\xe2\x80\xa6'
827605299418775554,2017-02-03 19:50:54,"b'""So blood biopsies could help oncologists...fight cancer that evolves resistance to treatment, leading to heartbrea\xe2\x80\xa6 https://t.co/OeYPm1fe8T'"
827601921913528321,2017-02-03 19:37:28,b'Thanks @MedTechAssoc'
827230708007591936,2017-02-02 19:02:24,b'Just In: Ortho given two Global Business Excellence Awards for Outstanding Innovation &amp; Outstanding Product/Service\nhttps://t.co/7TLNln2nZ6'
826879400146825217,2017-02-01 19:46:26,b'RT @FDAfood: February is American #HeartMonth. Be heart smart! 80% of heart disease is preventable w/ education &amp; lifestyle changes https:/\xe2\x80\xa6'
824358792359972869,2017-01-25 20:50:26,"b'Ortho Celebrates 1,000 Installations of the ORTHO VISION\xc2\xae Platform Worldwide: https://t.co/6N6ioiElp9 https://t.co/Vt2UsJuCIe'"
823601711965175809,2017-01-23 18:42:04,b'Good insights here on the power and impact of effective labs https://t.co/WrMHeGNdQL'
819618266020741121,2017-01-12 18:53:17,b'RT @360DxNews: #OrthoClinic software gets CE mark\nhttps://t.co/onTEwpYnzL'
819539229839605761,2017-01-12 13:39:13,b'How does our ORTHO CONNECT solution help hospitals streamline lab operations?\nWatch: https://t.co/42nKl2ekfG'
819270464950468608,2017-01-11 19:51:14,"b'ORTHO CONNECT\xe2\x84\xa2 V2.0 middleware solution is now CE Marked, signifying conformity with all EU regulation. \nRead more: https://t.co/ldHAq3ekUR'"
818517357790396416,2017-01-09 17:58:40,b'Interesting @IBMResearch prediction on the future of medical diagnoses:\nhttps://t.co/3MnuGVK8aV'
814813146351288320,2016-12-30 12:39:27,"b""Read Ortho's Michael S. Iskra in @MedicalLabMLO on the power of labs to drive a hospital's strategic priorities - https://t.co/zv4oknNvlT"""
810933450362458112,2016-12-19 19:42:55,"b'Ortho\xe2\x80\x99s Alex Socarr\xc3\xa1s discusses strategy, new products, our customer focus and trends in the clinical lab space - https://t.co/PYP5zPx9QL'"
810890388563173376,2016-12-19 16:51:48,"b""We're excited to share: Ortho\xe2\x80\x99s Alex Socarr\xc3\xa1s is featured in an exclusive radio interview with El Microscopio - https://t.co/PYP5zPx9QL"""
810890051928424452,2016-12-19 16:50:28,b'Estamos contentos de compartir: Alex Socarr\xc3\xa1s de Ortho se ofrece en una entrevista de la radio con El Microscopio - https://t.co/PYP5zPx9QL'
809408583725121536,2016-12-15 14:43:39,"b'RT @GenomeWeb: A look at the ""startup culture"" at @OrthoClinicalDX https://t.co/X53QWg1tZh'"
808376742108864512,2016-12-12 18:23:28,"b""Good advice for patients from @WSJ 's @LauraALandro - https://t.co/nW6FVYRfNV"""
806917735649132545,2016-12-08 17:45:54,b'RT @CMDonato: .@OrthoClinicalDX shares how it successfully became independent from @JNJParents with SAP S/4 HANA and Rapid deployment solut\xe2\x80\xa6'
804336832473341952,2016-12-01 14:50:19,"b'Today we recognize #WorldAIDSDay, for the 37 million people worldwide who are living with HIV/AIDS. https://t.co/htfEHaTQEc'"
801971714297135104,2016-11-25 02:12:11,"b'Today we\xe2\x80\x99re thankful for lab techs, whose work is the basis for so many important medical decisions.  Happy Thanksgiving.'"
799697163450257408,2016-11-18 19:33:56,b'Experts say 14% of all acute kidney injury deaths are avoidable.  #kidneyweek https://t.co/qFVgJccVA9'
799291110908633089,2016-11-17 16:40:25,b'Thanks @APACMed ! https://t.co/JTPgVfWbW3'
799274665004953604,2016-11-17 15:35:04,b'Acute kidney injury: the cost of watching and waiting.  #kidneyweek https://t.co/l2DcxrzEpM'
798911447812177924,2016-11-16 15:31:46,"b'AKI or Kidney Attack?  Experts say ""kidney attack"" may better describe acute kidney injury as it is as serious and\xe2\x80\xa6 https://t.co/0l6wfQ0xWA'"
798540359798169600,2016-11-15 14:57:12,"b""What are three common causes of acute kidney injury, and how prevalent is it?  It's Kidney Week: time to get the fa\xe2\x80\xa6 https://t.co/BnSIWybey5"""
796069815110737920,2016-11-08 19:20:08,"b""Our own Bob Stowers blogs about Ortho's Standardization and Mass Transfusion Protocols panel at AABB:  https://t.co/YJ46cu6rBm"""
792111056499961861,2016-10-28 21:09:27,"b""Ortho's Tony Casina guest-blogs about our alloimmunization workshop for AABB: https://t.co/yR9XqWn9SL"""
792019448349728772,2016-10-28 15:05:26,b'Thrilled to announce:\nFDA Clears VITROS\xc2\xae Automation Solutions from Ortho Clinical Diagnostics\nhttps://t.co/6pcoPdjxNH'
791299841070551040,2016-10-26 15:25:58,"b'""Labs are continuously pushed to accomplish more with fewer resources."" ORTHO VISION Max to ease that pressure\nhttps://t.co/QiXfJNXJNK'"
791018170727432192,2016-10-25 20:46:42,"b""Ortho's Michael J. Iskra and Bob Stowers proudly accept a silver sponsor award during #AABB2016.  \n\nPhoto \xc2\xa9 AABB/To\xe2\x80\xa6 https://t.co/XVFf6qFnw6"""
790662017245913093,2016-10-24 21:11:29,"b'RT @MedicalLabMLO: MLO October 24, 2016 LABline: AABB Annual Meeting, ORTHO VISION Max Analyzer, flesh-eating bacteria kills man\n\nhttps://t\xe2\x80\xa6'"
790235136889585664,2016-10-23 16:55:13,"b'Unpredictable workflow, hands-on time and changing skill sets: empowering labs to handle key challenges in transfus\xe2\x80\xa6 https://t.co/O703BKi3oA'"
789867530395394048,2016-10-22 16:34:28,b'FDA has cleared our ORTHO VISION\xc2\xae Max Analyzer for use in high-volume transfusion medicine labs #AABB2016 #AABB16 \nhttps://t.co/LWDmkKDa42'
789102957962854400,2016-10-20 13:56:20,b'We\xe2\x80\x99re excited for the start of #AABB2016 in Orlando!  Join us to discuss next-gen automation in immunohematology: https://t.co/I3c3rmtDnB.'
788799897969360897,2016-10-19 17:52:05,"b'Good healthcare depends on precise lab results, which are often major decision points.  Via @COLAAccredit-  https://t.co/cKn607tEwT'"
788799164943523841,2016-10-19 17:49:10,"b""The importance of well-equipped and staffed clinical labs can't be overstated:\nhttps://t.co/hs62AMCyP5"""
786946379541278722,2016-10-14 15:06:52,"b""Great article on immunohematology in this month's CLP Magazine.  Thanks @CLPmag for letting us be a part of it. https://t.co/cZ6GgIVell"""
786657380436017152,2016-10-13 19:58:29,b'RT @statnews: Opinion: How can we get better clinical labs in developing countries to fight Zika? https://t.co/iP8Gm4m00W'
785924070348947456,2016-10-11 19:24:34,b'RT @dougulman: Enjoyed spending the morning with team the NA team from @OrthoClinicalDX - thanks to Mike Iskra for the invite! #leadership'
785923594450677760,2016-10-11 19:22:41,b'Interesting study and worthwhile venture. https://t.co/14Y48KXyky'
784107710912487424,2016-10-06 19:07:00,b'Priorities for the design of clinical labs: https://t.co/HhQxvtFMSH'
783000584018284544,2016-10-03 17:47:41,b'Our pleasure! https://t.co/YnLOU0IklY'
781164998278066181,2016-09-28 16:13:43,b'The importance of accurate Diagnostics... https://t.co/z5CQdfKH2M'
778219326998388736,2016-09-20 13:08:40,b'Attending AACC Brazil this year? \nYou are cordially invited. https://t.co/86iz9nOMAw'
776128225336397824,2016-09-14 18:39:23,"b'RT @CLPmag: Holistic support program from @OrthoClinicalDX offers guidance for labs, blood banks https://t.co/q1ZB8AZPHU'"
773890655542206464,2016-09-08 14:28:05,b'Ortho presents advances in immunohematology at #ISBT Dubai. https://t.co/tj9F3zFRJO'
771392364233437184,2016-09-01 17:00:46,b'RT @JAMA_current: JAMA Patient Page: Chronic Kidney Disease https://t.co/CjGundWFT3 https://t.co/V0g8Dw2dm8'
770667529781981185,2016-08-30 17:00:32,b'Thanks to @CLPmag for the product spotlight on our Vision analyzer: https://t.co/zOgK6vrpBF'
763789948218707969,2016-08-11 17:31:28,b'Ortho Takes the Bronze! Ortho Clinical Diagnostics is proud to have received a Stevie International Business Award. https://t.co/VbsUPaKUgl'
760877543071383552,2016-08-03 16:38:37,b'Acute Kidney Injury: Get the Facts.  #2016AACC https://t.co/s662aNdiH5'
760598239238389762,2016-08-02 22:08:46,"b""Reimagining what's possible at #2016AACC https://t.co/zf1pzUSzwY"""
760462120416710661,2016-08-02 13:07:52,"b'Announcing Ortho Care\xe2\x84\xa2, a collection of high-quality lab services and resources provided to customers. #AACC2016 https://t.co/Sq1ciqcZ9Q'"
757692472176758785,2016-07-25 21:42:17,"b'Thyroid disease incidences have increased in past 25+ years, but mostly due to improved detection, per @CDCgov https://t.co/8it30s8MHZ'"
757645951007805440,2016-07-25 18:37:25,"b'According to @CDCgov, over the last decade, the annual number of new HIV diagnoses declined 19%.'"
757577549815787520,2016-07-25 14:05:37,"b'Ortho Clinical Diagnostics to Present Seven Scientific Posters, Six Products at annual AACC event https://t.co/VwlvIVrlNw'"
755475268207124480,2016-07-19 18:51:54,b'Thanks to our valued customers for ranking us #1 in overall service performance - https://t.co/kcRqmK4UWB'
755422000479428608,2016-07-19 15:20:14,b'Ortho Clinical Diagnostics Receives Coveted #1 Ranking for Service Performance https://t.co/aGjagkp33K'
753333040999346177,2016-07-13 20:59:27,"b""RT @MayoClinic: Study: Gut bacteria could predict individual's susceptibility to #RheumatoidArthritis  https://t.co/zDYDihon2Z via @NatureW\xe2\x80\xa6"""
753332708676210688,2016-07-13 20:58:08,b'RT @Reuters_Health: Magnesium may modestly lower blood pressure https://t.co/1k09GMaeKu'
750795449309638656,2016-07-06 20:55:58,b'Where are the medical lab jobs? \nUS Bureau of Labor Statistics Map: https://t.co/uOn5ZUyUGT'
750780010370183168,2016-07-06 19:54:37,b'US Bureau of Labor: Demand for medical/clinical lab tech jobs is projected to grow 14 percent from 2014 to 2024 https://t.co/vdZ26K8GtS'
750779331404673024,2016-07-06 19:51:56,b'RT @NaylaBahri: @OrthoClinicalDX  our CHRO Beatriz Lopez sharing the #leadership attributes. https://t.co/E9vibN3n8B'
748931492034719745,2016-07-01 17:29:16,"b""To support @VP\xe2\x80\x99s Cancer Moonshot, @ASH_hematology commits to develop an int'l Multiple Myeloma Data Sharing Platform\nhttps://t.co/tRGmxnw8i1"""
745980962488614913,2016-06-23 14:04:55,b'ORTHO VISION\xc2\xae Analyzer receives industry innovation award.  https://t.co/mmNm2bvjqK'
745291793554505728,2016-06-21 16:26:25,b'How is Ortho Clinical Diagnostics building on its 75+-year history of innovation? https://t.co/3zUPWLt40I'
745282485257396224,2016-06-21 15:49:25,b'Breaking: Ortho Receives CE Mark Approval For VITROS\xc2\xae HIV Combo Test: https://t.co/e8edXAhzWj'
